{
  "category": "seller+ без отлежки",
  "regions": [
    {
      "name": "Eastern Europe",
      "countries": [
        {"code": "RU", "name": "Russian Federation", "phone_code": "+7", "price": 45, "flag": "🇷🇺"},
        {"code": "UA", "name": "Ukraine", "phone_code": "+380", "price": 45, "flag": "🇺🇦"},
        {"code": "RO", "name": "Romania", "phone_code": "+40", "price": 20, "flag": "🇷🇴"},
        {"code": "MD", "name": "Republic of Moldova", "phone_code": "+373", "price": 20, "flag": "🇲🇩"},
        {"code": "BY", "name": "Belarus", "phone_code": "+375", "price": 20, "flag": "🇧🇾"},
        {"code": "BG", "name": "Bulgaria", "phone_code": "+359", "price": 20, "flag": "🇧🇬"}
      ]
    },
    {
      "name": "South America",
      "countries": [
        {"code": "BR", "name": "Brazil", "phone_code": "+55", "price": 45, "flag": "🇧🇷"}
      ]
    },
    {
      "name": "Northern Europe",
      "countries": [
        {"code": "NO", "name": "Norway", "phone_code": "+47", "price": 20, "flag": "🇳🇴"},
        {"code": "IE", "name": "Ireland", "phone_code": "+353", "price": 20, "flag": "🇮🇪"},
        {"code": "LV", "name": "Latvia", "phone_code": "+371", "price": 20, "flag": "🇱🇻"},
        {"code": "IS", "name": "Iceland", "phone_code": "+354", "price": 20, "flag": "🇮🇸"},
        {"code": "FI", "name": "Finland", "phone_code": "+358", "price": 20, "flag": "🇫🇮"},
        {"code": "EE", "name": "Estonia", "phone_code": "+372", "price": 20, "flag": "🇪🇪"}
      ]
    },
    {
      "name": "Western Europe",
      "countries": [
        {"code": "DE", "name": "Germany", "phone_code": "+49", "price": 20, "flag": "🇩🇪"},
        {"code": "FR", "name": "France", "phone_code": "+33", "price": 20, "flag": "🇫🇷"},
        {"code": "LU", "name": "Luxembourg", "phone_code": "+352", "price": 20, "flag": "🇱🇺"},
        {"code": "BE", "name": "Belgium", "phone_code": "+32", "price": 20, "flag": "🇧🇪"}
      ]
    },
    {
      "name": "Western Asia",
      "countries": [
        {"code": "AM", "name": "Armenia", "phone_code": "+374", "price": 20, "flag": "🇦🇲"},
        {"code": "SA", "name": "Saudi Arabia", "phone_code": "+966", "price": 20, "flag": "🇸🇦"},
        {"code": "IL", "name": "Israel", "phone_code": "+972", "price": 20, "flag": "🇮🇱"},
        {"code": "CY", "name": "Cyprus", "phone_code": "+357", "price": 20, "flag": "🇨🇾"},
        {"code": "GE", "name": "Georgia", "phone_code": "+995", "price": 20, "flag": "🇬🇪"},
        {"code": "AZ", "name": "Azerbaijan", "phone_code": "+994", "price": 20, "flag": "🇦🇿"},
        {"code": "AE", "name": "United Arab Emirates", "phone_code": "+971", "price": 20, "flag": "🇦🇪"},
        {"code": "KW", "name": "Kuwait", "phone_code": "+965", "price": 20, "flag": "🇰🇼"},
        {"code": "IQ", "name": "Iraq", "phone_code": "+964", "price": 20, "flag": "🇮🇶"}
      ]
    },
    {
      "name": "Southern Europe",
      "countries": [
        {"code": "RS", "name": "Serbia", "phone_code": "+381", "price": 20, "flag": "🇷🇸"},
        {"code": "PT", "name": "Portugal", "phone_code": "+351", "price": 20, "flag": "🇵🇹"}
      ]
    },
    {
      "name": "Central Asia",
      "countries": [
        {"code": "KG", "name": "Kyrgyzstan", "phone_code": "+996", "price": 20, "flag": "🇰🇬"},
        {"code": "KZ", "name": "Kazakhstan", "phone_code": "+7", "price": 20, "flag": "🇰🇿"},
        {"code": "UZ", "name": "Uzbekistan", "phone_code": "+998", "price": 20, "flag": "🇺🇿"},
        {"code": "TJ", "name": "Tajikistan", "phone_code": "+992", "price": 20, "flag": "🇹🇯"},
        {"code": "TM", "name": "Turkmenistan", "phone_code": "+993", "price": 20, "flag": "🇹🇲"}
      ]
    },
    {
      "name": "Southeast Asia",
      "countries": [
        {"code": "TH", "name": "Thailand", "phone_code": "+66", "price": 20, "flag": "🇹🇭"},
        {"code": "MM", "name": "Myanmar", "phone_code": "+95", "price": 2, "flag": "🇲🇲"}
      ]
    },
    {
      "name": "Central Africa",
      "countries": [
        {"code": "AO", "name": "Angola", "phone_code": "+244", "price": 2, "flag": "🇦🇴"},
        {"code": "CD", "name": "Democratic Republic of the Congo", "phone_code": "+243", "price": 2, "flag": "🇨🇩"},
        {"code": "CF", "name": "Central African Republic", "phone_code": "+236", "price": 2, "flag": "🇨🇫"},
        {"code": "CG", "name": "Congo", "phone_code": "+242", "price": 2, "flag": "🇨🇬"},
        {"code": "CM", "name": "Cameroon", "phone_code": "+237", "price": 2, "flag": "🇨🇲"},
        {"code": "GA", "name": "Gabon", "phone_code": "+241", "price": 2, "flag": "🇬🇦"},
        {"code": "GQ", "name": "Equatorial Guinea", "phone_code": "+240", "price": 2, "flag": "🇬🇶"}
      ]
    },
    {
      "name": "West Africa",
      "countries": [
        {"code": "BF", "name": "Burkina Faso", "phone_code": "+226", "price": 2, "flag": "🇧🇫"},
        {"code": "BJ", "name": "Benin", "phone_code": "+229", "price": 2, "flag": "🇧🇯"},
        {"code": "CI", "name": "Cote d'Ivoire", "phone_code": "+225", "price": 2, "flag": "🇨🇮"},
        {"code": "CV", "name": "Cape Verde", "phone_code": "+238", "price": 2, "flag": "🇨🇻"},
        {"code": "GH", "name": "Ghana", "phone_code": "+233", "price": 2, "flag": "🇬🇭"},
        {"code": "GM", "name": "Gambia", "phone_code": "+220", "price": 2, "flag": "🇬🇲"},
        {"code": "GN", "name": "Guinea", "phone_code": "+224", "price": 2, "flag": "🇬🇳"},
        {"code": "GW", "name": "Guinea-Bissau", "phone_code": "+245", "price": 2, "flag": "🇬🇼"},
        {"code": "LR", "name": "Liberia", "phone_code": "+231", "price": 2, "flag": "🇱🇷"},
        {"code": "ML", "name": "Mali", "phone_code": "+223", "price": 2, "flag": "🇲🇱"},
        {"code": "MR", "name": "Mauritania", "phone_code": "+222", "price": 2, "flag": "🇲🇷"},
        {"code": "NE", "name": "Niger", "phone_code": "+227", "price": 2, "flag": "🇳🇪"},
        {"code": "NG", "name": "Nigeria", "phone_code": "+234", "price": 2, "flag": "🇳🇬"}
      ]
    },
    {
      "name": "East Africa",
      "countries": [
        {"code": "BI", "name": "Burundi", "phone_code": "+257", "price": 2, "flag": "🇧🇮"},
        {"code": "DJ", "name": "Djibouti", "phone_code": "+253", "price": 2, "flag": "🇩🇯"},
        {"code": "ER", "name": "Eritrea", "phone_code": "+291", "price": 2, "flag": "🇪🇷"},
        {"code": "ET", "name": "Ethiopia", "phone_code": "+251", "price": 2, "flag": "🇪🇹"},
        {"code": "KE", "name": "Kenya", "phone_code": "+254", "price": 2, "flag": "🇰🇪"},
        {"code": "KM", "name": "Comoros", "phone_code": "+269", "price": 2, "flag": "🇰🇲"},
        {"code": "MG", "name": "Madagascar", "phone_code": "+261", "price": 2, "flag": "🇲🇬"},
        {"code": "MU", "name": "Mauritius", "phone_code": "+230", "price": 2, "flag": "🇲🇺"},
        {"code": "MW", "name": "Malawi", "phone_code": "+265", "price": 2, "flag": "🇲🇼"},
        {"code": "MZ", "name": "Mozambique", "phone_code": "+258", "price": 2, "flag": "🇲🇿"},
        {"code": "RE", "name": "Reunion", "phone_code": "+262", "price": 2, "flag": "🇷🇪"},
        {"code": "RW", "name": "Rwanda", "phone_code": "+250", "price": 2, "flag": "🇷🇼"},
        {"code": "SC", "name": "Seychelles", "phone_code": "+248", "price": 2, "flag": "🇸🇨"}
      ]
    },
    {
      "name": "Southern Africa",
      "countries": [
        {"code": "BW", "name": "Botswana", "phone_code": "+267", "price": 2, "flag": "🇧🇼"},
        {"code": "LS", "name": "Lesotho", "phone_code": "+266", "price": 2, "flag": "🇱🇸"},
        {"code": "NA", "name": "Namibia", "phone_code": "+264", "price": 2, "flag": "🇳🇦"}
      ]
    },
    {
      "name": "North Africa",
      "countries": [
        {"code": "DZ", "name": "Algeria", "phone_code": "+213", "price": 2, "flag": "🇩🇿"},
        {"code": "LY", "name": "Libya", "phone_code": "+218", "price": 2, "flag": "🇱🇾"},
        {"code": "MA", "name": "Morocco", "phone_code": "+212", "price": 2, "flag": "🇲🇦"}
      ]
    },
    {
      "name": "All Others",
      "countries": [
        {"code": "XX", "name": "Any other country", "phone_code": "", "price": 2, "flag": "ğŸŒ"}
      ]
    }
  ]
}